time,id,x,y,speed
0,flow0.0,5.1,-1.6,0.0
1,flow0.0,5.654495642194524,-1.6,0.5544956421945244
2,flow0.0,6.852744602388702,-1.6,1.198248960194178
3,flow0.0,9.028253851947374,-1.6,2.1755092495586723
4,flow0.0,11.958040500897914,-1.6,2.9297866489505395
5,flow0.0,15.592849751841277,-1.6,3.6348092509433627
5,flow0.1,5.1,-1.6,0.0
6,flow0.0,20.205853085638957,-1.6,4.613003333797678
6,flow0.1,5.728371309954673,-1.6,0.628371309954673
7,flow0.0,25.695106162363665,-1.6,5.489253076724708
7,flow0.1,7.084105005278252,-1.6,1.355733695323579
8,flow0.0,31.811799511569554,-1.6,6.116693349205889
8,flow0.1,9.436821155971847,-1.6,2.3527161506935954
9,flow0.0,38.59199090979528,-1.6,6.780191398225725
9,flow0.1,12.55645486167632,-1.6,3.119633705704473
10,flow0.0,46.146126500470565,-1.6,7.554135590675287
10,flow0.1,16.39295075382106,-1.6,3.8364958921447396
10,flow0.2,5.1,-1.6,0.0
11,flow0.0,54.568004339607434,-1.6,8.421877839136869
11,flow0.1,21.199318045773545,-1.6,4.806367291952483
11,flow0.2,5.6622080765897405,-1.6,0.5622080765897408
12,flow0.0,63.82890016203746,-1.6,9.26089582243003
12,flow0.1,26.663881983980538,-1.6,5.464563938206993
12,flow0.2,7.201317478227429,-1.6,1.5391094016376883
13,flow0.0,73.83331280262209,-1.6,10.004412640584633
13,flow0.1,32.974914044397885,-1.6,6.311032060417347
13,flow0.2,9.423688551201485,-1.6,2.222371072974056
14,flow0.0,84.36820588577538,-1.6,10.534893083153293
14,flow0.1,39.873792268591934,-1.6,6.89887822419405
14,flow0.2,12.202247052593156,-1.6,2.7785585013916716
15,flow0.0,95.70481004184111,-1.6,11.336604156065732
15,flow0.1,47.50051381045487,-1.6,7.626721541862935
15,flow0.2,15.862446786509825,-1.6,3.66019973391667
15,flow0.3,5.1,-1.6,0.0
16,flow0.0,108.02520547041203,-1.6,12.320395428570919
16,flow0.1,55.97635430577211,-1.6,8.475840495317243
16,flow0.2,20.14039546987042,-1.6,4.2779486833605915
16,flow0.3,6.020446724630892,-1.6,0.9204467246308923
17,flow0.0,120.86730574655812,-1.6,12.842100276146084
17,flow0.1,65.43728335681371,-1.6,9.460929051041603
17,flow0.2,25.0758087603841,-1.6,4.935413290513679
17,flow0.3,7.775239647040143,-1.6,1.7547929224092513
18,flow0.0,134.64471821372862,-1.6,13.777412467170507
18,flow0.1,75.83552133014891,-1.6,10.398237973335199
18,flow0.2,30.80554947166238,-1.6,5.729740711278282
18,flow0.3,10.04776118232403,-1.6,2.272521535283886
19,flow0.0,148.41268195270095,-1.6,13.767963738972322
19,flow0.1,87.12219369553495,-1.6,11.286672365386039
19,flow0.2,37.45131422535051,-1.6,6.645764753688127
19,flow0.3,13.034478385723196,-1.6,2.9867172033991665
19,flow0.4,5.1,-1.6,0.0
20,flow0.0,162.19198751051445,-1.6,13.779305557813496
20,flow0.1,99.00301593532785,-1.6,11.880822239792906
20,flow0.2,45.0525677744532,-1.6,7.601253549102694
20,flow0.3,16.687132701068187,-1.6,3.6526543153449893
20,flow0.4,5.378388558938964,-1.6,0.2783885589389637
21,flow0.0,175.79387420830318,-1.6,13.601886697788723
21,flow0.1,111.53803381524048,-1.6,12.53501787991263
21,flow0.2,53.186294885957615,-1.6,8.133727111504413
21,flow0.3,20.859816772886553,-1.6,4.172684071818367
21,flow0.4,6.502884128956785,-1.6,1.1244955700178205
22,flow0.0,189.44758828862106,-1.6,13.653714080317878
22,flow0.1,124.29036967163708,-1.6,12.752335856396593
22,flow0.2,62.23582243083511,-1.6,9.049527544877492
22,flow0.3,25.555048305215315,-1.6,4.695231532328762
22,flow0.4,8.535700977493603,-1.6,2.0328168485368177
23,flow0.0,203.02676852911247,-1.6,13.579180240491405
23,flow0.1,137.25682355423064,-1.6,12.96645388259355
23,flow0.2,72.27143097205553,-1.6,10.035608541220427
23,flow0.3,31.110858964174987,-1.6,5.555810658959672
23,flow0.4,11.295133272068034,-1.6,2.7594322945744305
24,flow0.0,216.46271505055486,-1.6,13.435946521442384
24,flow0.1,150.26570680413735,-1.6,13.008883249906711
24,flow0.2,83.21755055002868,-1.6,10.94611957797315
24,flow0.3,37.17053485757206,-1.6,6.0596758933970705
24,flow0.4,14.897635034801693,-1.6,3.602501762733659
24,flow0.5,5.1,-1.6,0.0
25,flow0.0,230.19320825613107,-1.6,13.730493205576204
25,flow0.1,163.2650678145993,-1.6,12.999361010461934
25,flow0.2,94.88009661694522,-1.6,11.662546066916548
25,flow0.3,44.12662562974729,-1.6,6.95609077217523
25,flow0.4,19.409805412856052,-1.6,4.512170378054357
25,flow0.5,6.0765778898727145,-1.6,0.9765778898727149
26,flow0.0,244.05320851092696,-1.6,13.860000254795887
26,flow0.1,175.94649988837952,-1.6,12.681432073780224
26,flow0.2,107.36671971578616,-1.6,12.486623098840937
26,flow0.3,51.93769770804793,-1.6,7.81107207830064
26,flow0.4,24.815792491348446,-1.6,5.4059870784923945
26,flow0.5,7.713816949422471,-1.6,1.6372390595497563
27,flow0.0,257.74159842396625,-1.6,13.688389913039282
27,flow0.1,188.68131224743306,-1.6,12.73481235905353
27,flow0.2,120.65846778827253,-1.6,13.29174807248637
27,flow0.3,60.492358997953126,-1.6,8.554661289905198
27,flow0.4,30.809013512890637,-1.6,5.99322102154219
27,flow0.5,10.05854778890498,-1.6,2.3447308394825086
28,flow0.0,271.43301091264004,-1.6,13.691412488673814
28,flow0.1,201.5410947388552,-1.6,12.859782491422147
28,flow0.2,134.0700563795399,-1.6,13.411588591267355
28,flow0.3,70.03509750254452,-1.6,9.542738504591398
28,flow0.4,37.650865236788704,-1.6,6.841851723898067
28,flow0.5,13.350919375801459,-1.6,3.292371586896479
28,flow0.6,5.1,-1.6,0.0
29,flow0.0,284.8952416131506,-1.6,13.462230700510554
29,flow0.1,214.2708501410094,-1.6,12.729755402154177
29,flow0.2,147.50760352679063,-1.6,13.437547147250735
29,flow0.3,80.3314958347706,-1.6,10.29639833222609
29,flow0.4,45.280165323832584,-1.6,7.62930008704388
29,flow0.5,17.287916813767517,-1.6,3.936997437966056
29,flow0.6,5.679021398422597,-1.6,0.579021398422597
30,flow0.0,298.3583261857042,-1.6,13.463084572553635
30,flow0.1,227.02639378306546,-1.6,12.755543642056063
30,flow0.2,160.9218604068272,-1.6,13.414256880036556
30,flow0.3,91.47973404885269,-1.6,11.148238214082085
30,flow0.4,53.70392540994976,-1.6,8.423760086117177
30,flow0.5,22.05347820990719,-1.6,4.765561396139674
30,flow0.6,6.908301619095374,-1.6,1.229280220672777
31,flow0.0,312.20756327949925,-1.6,13.849237093795091
31,flow0.1,239.83560103420527,-1.6,12.809207251139805
31,flow0.2,174.4909514399944,-1.6,13.569091033167206
31,flow0.3,103.23747171638533,-1.6,11.757737667532638
31,flow0.4,62.98708220228577,-1.6,9.283156792336008
31,flow0.5,27.462930977600628,-1.6,5.409452767693438
31,flow0.6,9.075433064095611,-1.6,2.167131445000237
32,flow0.0,325.75092535086435,-1.6,13.543362071365118
32,flow0.1,252.80739313777235,-1.6,12.971792103567049
32,flow0.2,187.94995243360756,-1.6,13.459000993613154
32,flow0.3,115.80940376282669,-1.6,12.571932046441361
32,flow0.4,73.03022783633891,-1.6,10.04314563405314
32,flow0.5,33.85108648440801,-1.6,6.388155506807379
32,flow0.6,12.047233535381258,-1.6,2.971800471285647
33,flow0.0,339.31325939684166,-1.6,13.562334045977332
33,flow0.1,265.3606563873073,-1.6,12.553263249535002
33,flow0.2,201.42720872140492,-1.6,13.477256287797355
33,flow0.3,129.3045547160087,-1.6,13.49515095318202
33,flow0.4,83.62116017931325,-1.6,10.590932342974334
33,flow0.5,41.06696374763269,-1.6,7.215877263224684
33,flow0.6,15.687383014859213,-1.6,3.640149479477955
33,flow0.7,5.1,-1.6,0.0
34,flow0.0,352.9978303522802,-1.6,13.68457095543854
34,flow0.1,278.108480387812,-1.6,12.747824000504687
34,flow0.2,215.18856673499107,-1.6,13.761358013586142
34,flow0.3,143.01482693850994,-1.6,13.710272222501226
34,flow0.4,94.8716684641436,-1.6,11.250508284830353
34,flow0.5,48.98649766694289,-1.6,7.919533919310197
34,flow0.6,20.040863591492048,-1.6,4.353480576632833
34,flow0.7,6.04856185070239,-1.6,0.9485618507023901
35,flow0.0,366.4695501011795,-1.6,13.471719748899341
35,flow0.1,290.83028890989755,-1.6,12.721808522085547
35,flow0.2,228.67801692506768,-1.6,13.489450190076605
35,flow0.3,156.44243504384067,-1.6,13.427608105330728
35,flow0.4,106.84755746791481,-1.6,11.975889003771222
35,flow0.5,57.89871885129251,-1.6,8.912221184349619
35,flow0.6,24.90386615168878,-1.6,4.863002560196733
35,flow0.7,7.553519326169043,-1.6,1.5049574754666537
36,flow0.0,380.12820454007,-1.6,13.658654438890517
36,flow0.1,303.4209768525495,-1.6,12.59068794265192
36,flow0.2,242.49426485497975,-1.6,13.81624792991206
36,flow0.3,170.16951880250127,-1.6,13.727083758660592
36,flow0.4,119.42446850773368,-1.6,12.576911039818874
36,flow0.5,67.57579701535869,-1.6,9.677078164066188
36,flow0.6,30.59744068150733,-1.6,5.693574529818548
36,flow0.7,10.058049145410768,-1.6,2.504529819241725
37,flow0.0,393.6988908604717,-1.6,13.570686320401729
37,flow0.1,316.0040324895886,-1.6,12.583055637039132
37,flow0.2,256.38843167214657,-1.6,13.894166817166843
37,flow0.3,183.82631363444963,-1.6,13.656794831948355
37,flow0.4,132.54680497271974,-1.6,13.12233646498607
37,flow0.5,78.04694549194537,-1.6,10.471148476586677
37,flow0.6,37.23384401290286,-1.6,6.6364033313955275
37,flow0.7,13.136931254784576,-1.6,3.078882109373808
37,flow0.8,5.1,-1.6,0.0
38,flow0.0,407.1892161572117,-1.6,13.490325296740048
38,flow0.1,328.8496673808517,-1.6,12.845634891263098
38,flow0.2,269.7900579654379,-1.6,13.401626293291338
38,flow0.3,197.48259168004154,-1.6,13.656278045591899
38,flow0.4,145.97871894331684,-1.6,13.431913970597089
38,flow0.5,89.12607641578651,-1.6,11.079130923841149
38,flow0.6,44.638803934956066,-1.6,7.404959922053209
38,flow0.7,16.79397675874643,-1.6,3.6570455039618537
38,flow0.8,5.546744599049388,-1.6,0.4467445990493881
39,flow0.0,420.9854632343629,-1.6,13.796247077151202
39,flow0.1,341.81536459167665,-1.6,12.965697210824937
39,flow0.2,283.4667929984629,-1.6,13.676735033025034
39,flow0.3,211.22087851446125,-1.6,13.738286834419705
39,flow0.4,159.51714778945816,-1.6,13.538428846141324
39,flow0.5,100.45467680819947,-1.6,11.328600392412953
39,flow0.6,52.86050909759981,-1.6,8.221705162643744
39,flow0.7,21.050149153824897,-1.6,4.256172395078465
39,flow0.8,6.914681554716898,-1.6,1.3679369556675094
40,flow0.0,434.5956814040893,-1.6,13.610218169726432
40,flow0.1,354.79298619050513,-1.6,12.977621598828472
40,flow0.2,296.97203206731933,-1.6,13.505239068856463
40,flow0.3,225.06354628163393,-1.6,13.84266776717268
40,flow0.4,173.36829618744588,-1.6,13.851148397987709
40,flow0.5,111.89258777288086,-1.6,11.437910964681395
40,flow0.6,61.96834089851726,-1.6,9.107831800917452
40,flow0.7,26.2086511220783,-1.6,5.158501968253404
40,flow0.8,8.822840376488228,-1.6,1.90815882177133
41,flow0.0,448.3352628931866,-1.6,13.739581489097327
41,flow0.1,367.7101046485432,-1.6,12.917118458038084
41,flow0.2,310.4466479474678,-1.6,13.474615880148486
41,flow0.3,238.73063292617448,-1.6,13.667086644540541
41,flow0.4,187.17303464252538,-1.6,13.804738455079496
41,flow0.5,123.32427870673108,-1.6,11.431690933850222
41,flow0.6,71.6058199372888,-1.6,9.63747903877153
41,flow0.7,32.256842050259,-1.6,6.048190928180702
41,flow0.8,11.271990641352494,-1.6,2.4491502648642647
42,flow0.0,461.950967050553,-1.6,13.615704157366418
42,flow0.1,380.3559705444058,-1.6,12.64586589586258
42,flow0.2,324.1449876994825,-1.6,13.698339752014727
42,flow0.3,252.5883411799325,-1.6,13.857708253758029
42,flow0.4,200.78824386294502,-1.6,13.615209220419638
42,flow0.5,134.85786349246408,-1.6,11.533584785733
42,flow0.6,81.86851471402436,-1.6,10.262694776735557
42,flow0.7,38.93449493709486,-1.6,6.677652886835858
42,flow0.8,14.388088137728344,-1.6,3.11609749637585
42,flow0.9,5.1,-1.6,0.0
43,flow0.0,475.79125251087794,-1.6,13.840285460324958
43,flow0.1,393.1704873629831,-1.6,12.814516818577312
43,flow0.2,338.04132090567134,-1.6,13.896333206188865
43,flow0.3,266.1941115113674,-1.6,13.605770331434906
43,flow0.4,214.64571133419443,-1.6,13.857467471249402
43,flow0.5,146.19362509446964,-1.6,11.33576160200555
43,flow0.6,92.73478762659678,-1.6,10.866272912572427
43,flow0.7,46.24263164496515,-1.6,7.30813670787029
43,flow0.8,18.20191479429848,-1.6,3.8138266565701358
43,flow0.9,6.004703430365771,-1.6,0.904703430365771
44,flow0.0,489.2001062710766,-1.6,13.40885376019869
44,flow0.1,406.0156378737244,-1.6,12.845150510741286
44,flow0.2,351.88648717394085,-1.6,13.845166268269532
44,flow0.3,279.82994977687486,-1.6,13.635838265507482
44,flow0.4,228.53988517842294,-1.6,13.894173844228499
44,flow0.5,157.45493639756424,-1.6,11.261311303094589
44,flow0.6,104.48588728500714,-1.6,11.751099658410354
44,flow0.7,54.27792004963849,-1.6,8.035288404673338
44,flow0.8,22.54470612112719,-1.6,4.34279132682871
44,flow0.9,7.456978407828137,-1.6,1.4522749774623662
45,flow0.1,418.6001929385953,-1.6,12.584555064870864
45,flow0.2,365.6709920167456,-1.6,13.784504842804745
45,flow0.3,293.63595346114596,-1.6,13.806003684271127
45,flow0.4,242.2665236801425,-1.6,13.726638501719572
45,flow0.5,168.87369073884676,-1.6,11.41875434128251
45,flow0.6,117.01350835164942,-1.6,12.527621066642283
45,flow0.7,63.16203017558438,-1.6,8.884110125945881
45,flow0.8,27.506991849456462,-1.6,4.96228572832927
45,flow0.9,9.495142306690104,-1.6,2.038163898861967
46,flow0.1,431.48762405160545,-1.6,12.88743111301016
46,flow0.2,379.1022473350631,-1.6,13.431255318317563
46,flow0.3,307.3531867424724,-1.6,13.71723328132648
46,flow0.4,256.1598754883096,-1.6,13.893351808167063
46,flow0.5,180.31873750896924,-1.6,11.445046770122461
46,flow0.6,130.253375984022,-1.6,13.239867632372594
46,flow0.7,73.02165434476919,-1.6,9.859624169184826
46,flow0.8,33.453509488221215,-1.6,5.946517638764753
46,flow0.9,12.517554227402433,-1.6,3.0224119207123294
47,flow0.1,444.07085409614257,-1.6,12.583230044537112
47,flow0.10,5.1,-1.6,0.0
47,flow0.2,392.90127314303516,-1.6,13.799025807972066
47,flow0.3,321.0817278114147,-1.6,13.728541068942286
47,flow0.4,269.9175014979256,-1.6,13.75762600961607
47,flow0.5,191.8498627843563,-1.6,11.531125275387057
47,flow0.6,143.75587783878817,-1.6,13.50250185476616
47,flow0.7,83.60894815532956,-1.6,10.587293810560368
47,flow0.8,40.10824332978054,-1.6,6.654733841559327
47,flow0.9,16.28650073115714,-1.6,3.768946503754705
48,flow0.1,456.8750977346328,-1.6,12.804243638490215
48,flow0.10,5.9920118975220245,-1.6,0.8920118975220248
48,flow0.2,406.4491778030058,-1.6,13.547904659970664
48,flow0.3,334.583482221607,-1.6,13.50175441019237
48,flow0.4,283.578000904648,-1.6,13.660499406722375
48,flow0.5,203.20829086815107,-1.6,11.35842808379475
48,flow0.6,157.48518812429774,-1.6,13.729310285509564
48,flow0.7,94.75235137776471,-1.6,11.143403222435154
48,flow0.8,47.61624820833079,-1.6,7.508004878550246
48,flow0.9,20.97865712970961,-1.6,4.69215639855247
49,flow0.1,469.7579295384658,-1.6,12.882831803833023
49,flow0.10,7.878476589126512,-1.6,1.8864646916044876
49,flow0.2,420.022636124375,-1.6,13.573458321369253
49,flow0.3,348.36273151054036,-1.6,13.779249288933352
49,flow0.4,296.98071064355815,-1.6,13.402709738910199
49,flow0.5,214.31238913457625,-1.6,11.10409826642517
49,flow0.6,171.05743996709734,-1.6,13.572251842799597
49,flow0.7,106.87149683085735,-1.6,12.119145453092642
49,flow0.8,55.66584294582277,-1.6,8.04959473749198
49,flow0.9,26.301142301899382,-1.6,5.322485172189772
50,flow0.1,482.621781702669,-1.6,12.86385216420319
50,flow0.10,10.673087177006527,-1.6,2.7946105878800154
50,flow0.2,433.46316152177724,-1.6,13.440525397402235
50,flow0.3,361.8755609154234,-1.6,13.512829404883087
50,flow0.4,310.51060089848966,-1.6,13.529890254931525
50,flow0.5,225.4642105621745,-1.6,11.151821427598223
50,flow0.6,184.94412964805178,-1.6,13.886689680954442
50,flow0.7,118.89866313821598,-1.6,12.02716630735863
50,flow0.8,64.48119826129704,-1.6,8.815355315474271
50,flow0.9,32.425277148280294,-1.6,6.124134846380912
51,flow0.1,495.39942311554825,-1.6,12.777641412879229
51,flow0.10,14.01716326912865,-1.6,3.3440760921221226
51,flow0.11,5.1,-1.6,0.0
51,flow0.2,446.9415523751403,-1.6,13.47839085336309
51,flow0.3,375.4505775826516,-1.6,13.575016667228192
51,flow0.4,323.947690512338,-1.6,13.437089613848366
51,flow0.5,236.8948147592283,-1.6,11.430604197053798
51,flow0.6,198.3959978057459,-1.6,13.451868157694117
51,flow0.7,130.96091379200033,-1.6,12.06225065378435
51,flow0.8,74.09314897871684,-1.6,9.611950717419795
51,flow0.9,39.397878167242744,-1.6,6.97260101896245
52,flow0.10,18.14736670071725,-1.6,4.130203431588598
52,flow0.11,5.621172873210162,-1.6,0.5211728732101619
52,flow0.2,460.494911897252,-1.6,13.553359522111714
52,flow0.3,389.0653750049414,-1.6,13.614797422289849
52,flow0.4,337.6839240211111,-1.6,13.736233508773148
52,flow0.5,247.9584885348403,-1.6,11.063673775612004
52,flow0.6,211.84223704234847,-1.6,13.44623923660256
52,flow0.7,142.88132000762857,-1.6,11.920406215628237
52,flow0.8,84.402959966526,-1.6,10.30981098780915
52,flow0.9,47.36227490708698,-1.6,7.964396739844233
53,flow0.10,23.20560657840688,-1.6,5.05823987768963
53,flow0.11,7.113925363891758,-1.6,1.492752490681596
53,flow0.2,473.9495618160578,-1.6,13.454649918805808
53,flow0.3,402.8046039747072,-1.6,13.739228969765827
53,flow0.4,351.5447191450561,-1.6,13.86079512394499
53,flow0.5,259.08320731264456,-1.6,11.124718777804263
53,flow0.6,225.56777837133652,-1.6,13.725541328988038
53,flow0.7,155.19280332739783,-1.6,12.311483319769241
53,flow0.8,95.21836802163352,-1.6,10.815408055107518
53,flow0.9,55.89901641549077,-1.6,8.536741508403793
54,flow0.10,28.883062613802032,-1.6,5.677456035395153
54,flow0.11,9.156820948258973,-1.6,2.0428955843672156
54,flow0.2,487.8180153833,-1.6,13.86845356724225
54,flow0.3,416.5798933509502,-1.6,13.775289376243018
54,flow0.4,365.42316706802717,-1.6,13.8784479229711
54,flow0.5,270.3639233844501,-1.6,11.280716071805545
54,flow0.6,239.12642018885037,-1.6,13.558641817513854
54,flow0.7,167.15588840455564,-1.6,11.963085077157803
54,flow0.8,106.5875954320631,-1.6,11.369227410429566
54,flow0.9,65.32553975740447,-1.6,9.426523341913708
55,flow0.10,35.50427467762493,-1.6,6.621212063822895
55,flow0.11,12.157838842039927,-1.6,3.001017893780954
55,flow0.3,430.3492322445146,-1.6,13.769338893564418
55,flow0.4,378.98366175599415,-1.6,13.560494687967003
55,flow0.5,281.7245031210662,-1.6,11.36057973661609
55,flow0.6,252.6185153604174,-1.6,13.492095171567053
55,flow0.7,179.3965585082887,-1.6,12.240670103733056
55,flow0.8,118.8196888093538,-1.6,12.232093377290703
55,flow0.9,75.49577818021643,-1.6,10.170238422811963
56,flow0.10,42.68477572374977,-1.6,7.180501046124846
56,flow0.11,15.893584447004832,-1.6,3.7357456049649045
56,flow0.12,5.1,-1.6,0.0
56,flow0.3,444.2081435707628,-1.6,13.858911326248199
56,flow0.4,392.78229700709244,-1.6,13.798635251098313
56,flow0.5,292.85688101597964,-1.6,11.132377894913406
56,flow0.6,266.3070917809304,-1.6,13.688576420512982
56,flow0.7,191.26162001262628,-1.6,11.865061504337564
56,flow0.8,131.36920741729847,-1.6,12.549518607944659
56,flow0.9,86.63588443330954,-1.6,11.140106253093109
57,flow0.10,50.75141301974654,-1.6,8.06663729599677
57,flow0.11,20.161659240629525,-1.6,4.268074793624692
57,flow0.12,5.614589514583349,-1.6,0.5145895145833492
57,flow0.3,458.0483609020474,-1.6,13.840217331284657
57,flow0.4,406.42203359844177,-1.6,13.639736591349356
57,flow0.5,304.2283383256435,-1.6,11.371457309663855
57,flow0.6,279.5833691447934,-1.6,13.276277363862961
57,flow0.7,203.44286270192066,-1.6,12.181242689294368
57,flow0.8,144.19113696049976,-1.6,12.82192954320129
57,flow0.9,98.42824572771772,-1.6,11.79236129440818
58,flow0.10,59.54791758188512,-1.6,8.79650456213858
58,flow0.11,24.994116113428028,-1.6,4.8324568727985024
58,flow0.12,6.762886858102865,-1.6,1.1482973435195163
58,flow0.3,471.6466811576622,-1.6,13.598320255614817
58,flow0.4,419.89398093754903,-1.6,13.471947339107283
58,flow0.5,315.284077972972,-1.6,11.055739647328481
58,flow0.6,292.56125035069147,-1.6,12.97788120589809
58,flow0.7,215.4996031241086,-1.6,12.056740422187932
58,flow0.8,156.91993503472048,-1.6,12.728798074220716
58,flow0.9,110.33657894220639,-1.6,11.908333214488662
59,flow0.10,68.93843330969102,-1.6,9.390515727805905
59,flow0.11,30.806623264355586,-1.6,5.8125071509275585
59,flow0.12,8.841318979533389,-1.6,2.0784321214305237
59,flow0.3,485.3821277323874,-1.6,13.735446574725211
59,flow0.4,433.37140409658207,-1.6,13.47742315903306
59,flow0.5,326.76177736821006,-1.6,11.47769939523805
59,flow0.6,304.72059157029275,-1.6,12.159341219601309
59,flow0.7,227.80784639010307,-1.6,12.308243265994452
59,flow0.8,169.89709833560858,-1.6,12.97716330088809
59,flow0.9,121.86682345692489,-1.6,11.530244514718502
60,flow0.10,79.22431803566869,-1.6,10.285884725977667
60,flow0.11,37.22507489870768,-1.6,6.418451634352095
60,flow0.12,11.513285770802758,-1.6,2.6719667912693694
60,flow0.3,499.2559016701762,-1.6,13.873773937788792
60,flow0.4,446.7857923181309,-1.6,13.41438822154887
60,flow0.5,337.83736421939955,-1.6,11.075586851189472
60,flow0.6,316.8969988105115,-1.6,12.176407240218738
60,flow0.7,239.78626571172913,-1.6,11.978419321626053
60,flow0.8,182.5585501650117,-1.6,12.661451829403116
60,flow0.9,133.51340941269822,-1.6,11.64658595577333
61,flow0.10,90.23245482207275,-1.6,11.008136786404066
61,flow0.11,44.147505541006105,-1.6,6.922430642298423
61,flow0.12,15.144002085807733,-1.6,3.6307163150049746
61,flow0.13,5.1,-1.6,0.0
61,flow0.4,460.4720947198151,-1.6,13.686302401684225
61,flow0.5,349.12876187347064,-1.6,11.291397654071078
61,flow0.6,328.498914248814,-1.6,11.601915438302534
61,flow0.7,251.82952123379832,-1.6,12.043255522069149
61,flow0.8,195.52029545641653,-1.6,12.961745291404835
61,flow0.9,145.21162767722197,-1.6,11.698218264523744
62,flow0.10,102.15350701173301,-1.6,11.921052189660259
62,flow0.11,52.03671948590782,-1.6,7.889213944901712
62,flow0.12,19.627089959941806,-1.6,4.483087874134071
62,flow0.13,5.694652664498426,-1.6,0.594652664498426
62,flow0.4,474.2425484814728,-1.6,13.7704537616577
62,flow0.5,360.61980851096905,-1.6,11.491046637498401
62,flow0.6,339.9391157482591,-1.6,11.44020149944508
62,flow0.7,263.67759980439666,-1.6,11.848078570598364
62,flow0.8,208.49305121897072,-1.6,12.972755762554183
62,flow0.9,156.81615887877908,-1.6,11.604531201557107
63,flow0.10,114.64103279521223,-1.6,12.487525783479214
63,flow0.11,60.45924099455588,-1.6,8.42252150864806
63,flow0.12,24.915792438806967,-1.6,5.2887024788651615
63,flow0.13,6.931995054497383,-1.6,1.2373423899989575
63,flow0.4,488.0879949429119,-1.6,13.845446461439133
63,flow0.5,371.7401021435533,-1.6,11.120293632584252
63,flow0.6,351.85087861797416,-1.6,11.911762869715064
63,flow0.7,275.8978371790885,-1.6,12.220237374691852
63,flow0.8,221.4066555415974,-1.6,12.913604322626664
63,flow0.9,168.24927022280067,-1.6,11.433111344021595
64,flow0.10,127.84762081948575,-1.6,13.206588024273515
64,flow0.11,69.39952788795344,-1.6,8.94028689339757
64,flow0.12,31.163371814670974,-1.6,6.247579375864007
64,flow0.13,9.072154512070119,-1.6,2.140159457572736
64,flow0.5,382.82882677976215,-1.6,11.088724636208825
64,flow0.6,362.957412350987,-1.6,11.10653373301286
64,flow0.7,287.879273241846,-1.6,11.981436062757485
64,flow0.8,234.23389124953275,-1.6,12.827235707935355
64,flow0.9,179.69907984193296,-1.6,11.44980961913228
65,flow0.10,141.66651538352016,-1.6,13.818894564034418
65,flow0.11,79.11775293960235,-1.6,9.718225051648915
65,flow0.12,38.116882305848414,-1.6,6.95351049117744
65,flow0.13,12.058099196664989,-1.6,2.9859446845948696
65,flow0.5,394.2345361394095,-1.6,11.405709359647334
65,flow0.6,374.08324357926347,-1.6,11.125831228276452
65,flow0.7,299.98315006194986,-1.6,12.103876820103824
65,flow0.8,246.77849285053776,-1.6,12.54460160100501
65,flow0.9,191.49350360839028,-1.6,11.794423766457326
66,flow0.10,155.36713831974194,-1.6,13.700622936221771
66,flow0.11,89.40350143532268,-1.6,10.285748495720327
66,flow0.12,45.636066411877984,-1.6,7.51918410602957
66,flow0.13,15.874630758911373,-1.6,3.8165315622463822
66,flow0.14,5.1,-1.6,0.0
66,flow0.5,405.54154956081425,-1.6,11.307013421404735
66,flow0.6,385.78799402709956,-1.6,11.704750447836092
66,flow0.7,311.89458143194054,-1.6,11.91143136999067
66,flow0.8,259.5183084361244,-1.6,12.739815585586651
66,flow0.9,203.14372217890192,-1.6,11.650218570511639
67,flow0.10,169.01163039829117,-1.6,13.644492078549229
67,flow0.11,100.39167940712068,-1.6,10.988177971797995
67,flow0.12,53.928279517474586,-1.6,8.292213105596602
67,flow0.13,20.269893805170433,-1.6,4.3952630462590605
67,flow0.14,5.963651916733943,-1.6,0.8636519167339429
67,flow0.5,416.72574579849066,-1.6,11.184196237676405
67,flow0.6,397.1555539976471,-1.6,11.36755997054754
67,flow0.7,324.1107114334479,-1.6,12.216130001507327
67,flow0.8,272.5433307569616,-1.6,13.025022320837191
67,flow0.9,214.6383157000395,-1.6,11.494593521137572
68,flow0.10,182.84275781030303,-1.6,13.831127412011847
68,flow0.11,112.09123170773964,-1.6,11.699552300618961
68,flow0.12,62.865845315414475,-1.6,8.937565797939897
68,flow0.13,25.34930659774691,-1.6,5.079412792576477
68,flow0.14,7.738621176593005,-1.6,1.7749692598590627
68,flow0.5,428.1827673604929,-1.6,11.457021562002227
68,flow0.6,408.3543048004679,-1.6,11.19875080282081
68,flow0.7,336.10609854515883,-1.6,11.995387111710944
68,flow0.8,285.4027189674617,-1.6,12.859388210500068
68,flow0.9,226.20370471845203,-1.6,11.56538901841253
69,flow0.10,196.28514987814708,-1.6,13.442392067844048
69,flow0.11,124.31069916081614,-1.6,12.219467453076504
69,flow0.12,72.39481785465031,-1.6,9.528972539235838
69,flow0.13,31.077216292871164,-1.6,5.727909695124254
69,flow0.14,10.040578606561757,-1.6,2.301957429968752
69,flow0.5,439.323905204297,-1.6,11.141137843804062
69,flow0.6,419.66334981573596,-1.6,11.309045015268076
69,flow0.7,348.38557832647786,-1.6,12.279479781319015
69,flow0.8,298.3754043064296,-1.6,12.972685338967889
69,flow0.9,237.77806533323408,-1.6,11.57436061478205
70,flow0.10,209.91129079088572,-1.6,13.626140912738629
70,flow0.11,137.34171106063295,-1.6,13.031011899816804
70,flow0.12,82.46922365857753,-1.6,10.07440580392722
70,flow0.13,37.78968972528819,-1.6,6.712473432417028
70,flow0.14,12.99511820813641,-1.6,2.954539601574652
70,flow0.15,5.1,-1.6,0.0
70,flow0.5,450.86574808085015,-1.6,11.541842876553163
70,flow0.6,430.83500402600686,-1.6,11.171654210270923
70,flow0.7,360.26683013465424,-1.6,11.881251808176376
70,flow0.8,311.0038949267609,-1.6,12.628490620331316
70,flow0.9,249.1984966832658,-1.6,11.420431350031718
71,flow0.10,223.37221960802566,-1.6,13.460928817139939
71,flow0.11,151.1619344097562,-1.6,13.820223349123262
71,flow0.12,93.28830883910413,-1.6,10.8190851805266
71,flow0.13,45.303101256862284,-1.6,7.513411531574093
71,flow0.14,16.62513094560709,-1.6,3.630012737470679
71,flow0.15,5.318243829349773,-1.6,0.21824382934977327
71,flow0.5,462.3146448414057,-1.6,11.448896760555543
71,flow0.6,442.215225795068,-1.6,11.380221769061187
71,flow0.7,372.50406775707046,-1.6,12.237237622416206
71,flow0.8,323.6272192097325,-1.6,12.62332428297162
71,flow0.9,260.7772117594933,-1.6,11.578715076227523
72,flow0.10,236.8946839776589,-1.6,13.522464369633235
72,flow0.11,164.56587512008846,-1.6,13.403940710332245
72,flow0.12,104.7338800721569,-1.6,11.44557123305276
72,flow0.13,53.58089211760089,-1.6,8.277790860738605
72,flow0.14,20.947605407820085,-1.6,4.322474462212995
72,flow0.15,6.481996583594512,-1.6,1.1637527542447395
72,flow0.5,473.8493139746271,-1.6,11.534669133221358
72,flow0.6,454.0356330428641,-1.6,11.820407247796085
72,flow0.7,384.7544799668817,-1.6,12.250412209811248
72,flow0.8,336.59768017832886,-1.6,12.970460968596338
72,flow0.9,272.330015732136,-1.6,11.55280397264272
73,flow0.10,250.7885402630084,-1.6,13.893856285349466
73,flow0.11,178.11393170484808,-1.6,13.548056584759616
73,flow0.12,116.95434775869361,-1.6,12.220467686536722
73,flow0.13,62.474749721726404,-1.6,8.893857604125515
73,flow0.14,26.068606047099458,-1.6,5.121000639279373
73,flow0.15,8.574178676920301,-1.6,2.092182093325788
73,flow0.5,485.2139914677072,-1.6,11.364677493080125
73,flow0.6,465.4746586986594,-1.6,11.439025655795321
73,flow0.7,396.95082727526375,-1.6,12.19634730838202
73,flow0.8,349.56373982272476,-1.6,12.966059644395894
73,flow0.9,283.9513934936349,-1.6,11.621377761498875
74,flow0.10,264.32711367777085,-1.6,13.538573414762505
74,flow0.11,191.96361416687725,-1.6,13.84968246202916
74,flow0.12,130.1012524825288,-1.6,13.146904723835178
74,flow0.13,71.88687900141812,-1.6,9.412129279691726
74,flow0.14,32.08317389888689,-1.6,6.014567851787433
74,flow0.15,11.316943556197064,-1.6,2.742764879276762
74,flow0.5,496.5381434463877,-1.6,11.324151978680492
74,flow0.6,476.8281600126353,-1.6,11.35350131397587
74,flow0.7,409.13129203989195,-1.6,12.180464764628187
74,flow0.8,362.4905075434878,-1.6,12.92676772076305
74,flow0.9,295.49551300492334,-1.6,11.544119511288441
75,flow0.10,277.95382339518983,-1.6,13.626709717418999
75,flow0.11,205.48836237590297,-1.6,13.524748209025711
75,flow0.12,143.91428871976677,-1.6,13.813036237237975
75,flow0.13,82.0230052307248,-1.6,10.136126229306683
75,flow0.14,38.8142715647351,-1.6,6.7310976658482105
75,flow0.15,14.716137481191058,-1.6,3.3991939249939938
75,flow0.16,5.1,-1.6,0.0
75,flow0.6,488.2044403848685,-1.6,11.376280372233227
75,flow0.7,420.9555832511325,-1.6,11.824291211240553
75,flow0.8,375.40888595462013,-1.6,12.91837841113232
75,flow0.9,307.14307103270846,-1.6,11.647558027785122
76,flow0.10,291.68630922955924,-1.6,13.732485834369436
76,flow0.11,219.29821391787848,-1.6,13.809851541975513
76,flow0.12,157.58260983959772,-1.6,13.668321119830944
76,flow0.13,92.87389640605542,-1.6,10.850891175330617
76,flow0.14,46.231168001214975,-1.6,7.416896436479874
76,flow0.15,19.04493253113853,-1.6,4.328795049947472
76,flow0.16,5.732063151919283,-1.6,0.632063151919283
76,flow0.7,433.2312831019233,-1.6,12.275699850790762
76,flow0.8,388.2349762072677,-1.6,12.826090252647585
76,flow0.9,318.76432390222027,-1.6,11.621252869511805
77,flow0.10,305.2156927205622,-1.6,13.529383491002955
77,flow0.11,232.7423789511435,-1.6,13.444165033265017
77,flow0.12,171.22911311914214,-1.6,13.646503279544413
77,flow0.13,104.32527151496615,-1.6,11.451375108910725
77,flow0.14,54.411746815452354,-1.6,8.180578814237379
77,flow0.15,24.216922459629732,-1.6,5.171989928491199
77,flow0.16,7.1238215518184,-1.6,1.3917583998991176
77,flow0.7,445.39346720314035,-1.6,12.162184101217054
77,flow0.8,400.80519889696006,-1.6,12.57022268969234
77,flow0.9,330.4736099064319,-1.6,11.709286004211604
78,flow0.10,318.5050083497474,-1.6,13.28931562918526
78,flow0.11,246.16136307055135,-1.6,13.418984119407833
78,flow0.12,184.84754829055166,-1.6,13.61843517140951
78,flow0.13,116.58747220274526,-1.6,12.262200687779114
78,flow0.14,63.100847465125845,-1.6,8.689100649673492
78,flow0.15,30.12650289386247,-1.6,5.909580434232736
78,flow0.16,9.503648361796513,-1.6,2.3798268099781126
78,flow0.7,457.5188432267622,-1.6,12.125376023621858
78,flow0.8,413.6624746923066,-1.6,12.857275795346535
78,flow0.9,342.35737819312743,-1.6,11.883768286695554
79,flow0.10,331.4944993322275,-1.6,12.989490982480078
79,flow0.11,259.9113929187181,-1.6,13.750029848166742
79,flow0.12,198.60153599376792,-1.6,13.753987703216263
79,flow0.13,129.6398949109949,-1.6,13.052422708249651
79,flow0.14,72.39201455204747,-1.6,9.291167086921632
79,flow0.15,36.89701862961513,-1.6,6.770515735752666
79,flow0.16,12.760875871079042,-1.6,3.2572275092825294
79,flow0.17,5.1,-1.6,0.0
79,flow0.7,469.46213493131876,-1.6,11.943291704556533
79,flow0.8,426.44474554109627,-1.6,12.782270848789661
79,flow0.9,353.8349013644935,-1.6,11.477523171366043
80,flow0.10,343.59737064735265,-1.6,12.102871315125137
80,flow0.11,273.4611163804308,-1.6,13.549723461712711
80,flow0.12,212.03003681299745,-1.6,13.428500819229521
80,flow0.13,143.0450489274226,-1.6,13.405154016427696
80,flow0.14,82.23025006069801,-1.6,9.838235508650541
80,flow0.15,44.26772740232079,-1.6,7.370708772705654
80,flow0.16,16.738285312918016,-1.6,3.9774094418389723
80,flow0.17,5.232963856892155,-1.6,0.1329638568921553
80,flow0.7,481.72028187965316,-1.6,12.258146948334389
80,flow0.8,439.0207338852845,-1.6,12.575988344188257
80,flow0.9,365.29090185509637,-1.6,11.456000490602888
81,flow0.10,355.95299747988486,-1.6,12.355626832532181
81,flow0.11,286.9302112616133,-1.6,13.469094881182537
81,flow0.12,225.8967115237378,-1.6,13.866674710740336
81,flow0.13,156.935372712533,-1.6,13.890323785110377
81,flow0.14,93.00392222034279,-1.6,10.773672159644775
81,flow0.15,52.166655827737856,-1.6,7.898928425417068
81,flow0.16,21.6076008545002,-1.6,4.869315541582182
81,flow0.17,6.31606918210249,-1.6,1.0831053252103346
81,flow0.7,493.5623326294986,-1.6,11.84205074984543
81,flow0.8,451.8080546656581,-1.6,12.787320780373587
81,flow0.9,376.72063258513435,-1.6,11.429730730037987
82,flow0.10,367.6605789279595,-1.6,11.707581448074649
82,flow0.11,300.6440255596302,-1.6,13.71381429801695
82,flow0.12,239.6620377297048,-1.6,13.765326205966995
82,flow0.13,170.61914864189458,-1.6,13.683775929361582
82,flow0.14,104.38437767550349,-1.6,11.3804554551607
82,flow0.15,60.59164884603419,-1.6,8.424993018296334
82,flow0.16,27.081880955048838,-1.6,5.47428010054864
82,flow0.17,8.29221460649406,-1.6,1.9761454243915697
82,flow0.8,464.66766327504246,-1.6,12.859608609384335
82,flow0.9,388.61942179808005,-1.6,11.8987892129457
83,flow0.10,379.95738675372456,-1.6,12.296807825765057
83,flow0.11,314.101665762905,-1.6,13.457640203274787
83,flow0.12,253.26008407159244,-1.6,13.598046341887676
83,flow0.13,184.28105238387363,-1.6,13.66190374197904
83,flow0.14,116.36006651879288,-1.6,11.97568884328939
83,flow0.15,69.6910630028099,-1.6,9.099414156775708
83,flow0.16,33.14253108217381,-1.6,6.060650127124973
83,flow0.17,11.112580772188336,-1.6,2.820366165694276
83,flow0.8,477.36327640146794,-1.6,12.695613126425481
83,flow0.9,400.5026963322383,-1.6,11.883274534158259
84,flow0.10,391.79059684369145,-1.6,11.833210089966874
84,flow0.11,327.8927747530862,-1.6,13.791108990181238
84,flow0.12,266.77300131951927,-1.6,13.512917247926817
84,flow0.13,197.97571654748174,-1.6,13.694664163608104
84,flow0.14,129.26705339530017,-1.6,12.90698687650729
84,flow0.15,79.3828553214332,-1.6,9.6917923186233
84,flow0.16,39.83850991635118,-1.6,6.695978834177367
84,flow0.17,14.632226027922975,-1.6,3.5196452557346394
84,flow0.18,5.1,-1.6,0.0
84,flow0.8,490.2115758214796,-1.6,12.848299420011639
84,flow0.9,411.9241385085932,-1.6,11.4214421763549
85,flow0.10,403.5060299388704,-1.6,11.715433095178971
85,flow0.11,341.4292827305849,-1.6,13.536507977498696
85,flow0.12,280.48820808390155,-1.6,13.71520676438231
85,flow0.13,211.79322208056695,-1.6,13.817505533085205
85,flow0.14,142.55562787767343,-1.6,13.28857448237326
85,flow0.15,89.81051303836662,-1.6,10.427657716933425
85,flow0.16,47.35311681709718,-1.6,7.514606900746003
85,flow0.17,18.986088359963844,-1.6,4.353862332040871
85,flow0.18,5.75538034227211,-1.6,0.6553803422721103
85,flow0.9,423.3717232226584,-1.6,11.447584714065156
86,flow0.10,415.1932728487591,-1.6,11.687242909888644
86,flow0.11,355.29259174060996,-1.6,13.863309010025114
86,flow0.12,293.98506741106974,-1.6,13.496859327168204
86,flow0.13,225.39629304523118,-1.6,13.603070964664221
86,flow0.14,156.16118441547886,-1.6,13.605556537805423
86,flow0.15,100.82470373445594,-1.6,11.014190696089315
86,flow0.16,55.59999869684689,-1.6,8.246881879749708
86,flow0.17,24.25959878145084,-1.6,5.273510421486998
86,flow0.18,7.3694047191180285,-1.6,1.6140243768459186
86,flow0.9,434.92180276372954,-1.6,11.550079541071169
87,flow0.10,426.7693765017308,-1.6,11.576103652971682
87,flow0.11,369.1729189591481,-1.6,13.88032721853815
87,flow0.12,307.3928298911312,-1.6,13.407762480061502
87,flow0.13,239.09088489816062,-1.6,13.694591852929443
87,flow0.14,169.67117300637995,-1.6,13.509988590901084
87,flow0.15,112.40619465335934,-1.6,11.581490918903398
87,flow0.16,64.81683042694348,-1.6,9.216831730096601
87,flow0.17,30.1110418181202,-1.6,5.851443036669361
87,flow0.18,9.551473996508866,-1.6,2.1820692773908377
87,flow0.9,446.70620634411,-1.6,11.784403580380454
88,flow0.10,438.56623303960635,-1.6,11.796856537875584
88,flow0.11,382.64487786237135,-1.6,13.471958903223276
88,flow0.12,320.9506949384696,-1.6,13.557865047338419
88,flow0.13,252.9232229764341,-1.6,13.83233807827346
88,flow0.14,183.06153682656893,-1.6,13.390363820188977
88,flow0.15,124.7842069539706,-1.6,12.37801230061126
88,flow0.16,74.63434910008218,-1.6,9.817518673138693
88,flow0.17,36.78987743384588,-1.6,6.678835615725683
88,flow0.18,12.69566893056035,-1.6,3.144194934051484
88,flow0.19,5.1,-1.6,0.0
88,flow0.9,458.14944799285837,-1.6,11.443241648748367
89,flow0.10,450.13443234747047,-1.6,11.568199307864091
89,flow0.11,396.2514401794642,-1.6,13.606562317092903
89,flow0.12,334.6105407346272,-1.6,13.659845796157606
89,flow0.13,266.7013161274605,-1.6,13.778093151026406
89,flow0.14,196.80490115246886,-1.6,13.743364325899929
89,flow0.15,137.2971715371044,-1.6,12.512964583133794
89,flow0.16,85.34423394887708,-1.6,10.7098848487949
89,flow0.17,44.28900042050944,-1.6,7.49912298666356
89,flow0.18,16.61727863866836,-1.6,3.921609708108008
89,flow0.19,5.17051533764471,-1.6,0.07051533764471113
89,flow0.9,469.749701992464,-1.6,11.600253999605625
90,flow0.10,461.5124309023844,-1.6,11.377998554913907
90,flow0.11,409.6647547011029,-1.6,13.413314521638677
90,flow0.12,348.0363127668387,-1.6,13.425772032211535
90,flow0.13,280.32563728594687,-1.6,13.624321158486419
90,flow0.14,210.3299841136019,-1.6,13.525082961133048
90,flow0.15,149.9172026403787,-1.6,12.6200311032743
90,flow0.16,96.93948624099139,-1.6,11.59525229211431
90,flow0.17,52.65667725017297,-1.6,8.367676829663532
90,flow0.18,21.258550218911843,-1.6,4.641271580243483
90,flow0.19,6.0448062693935025,-1.6,0.8742909317487926
90,flow0.9,481.59978793118574,-1.6,11.850085938721746
91,flow0.10,473.2311307186635,-1.6,11.718699816279136
91,flow0.11,423.2477359254842,-1.6,13.582981224381365
91,flow0.12,361.67954089560067,-1.6,13.643228128761985
91,flow0.13,294.01588288960045,-1.6,13.690245603653603
91,flow0.14,223.61348357293127,-1.6,13.28349945932936
91,flow0.15,162.72079085169761,-1.6,12.803588211318925
91,flow0.16,109.12628521388605,-1.6,12.18679897289466
91,flow0.17,61.63641005170577,-1.6,8.9797328015328
91,flow0.18,26.660339186806233,-1.6,5.40178896789439
91,flow0.19,7.611117153137757,-1.6,1.5663108837442548
91,flow0.9,493.26323345107437,-1.6,11.663445519888624
92,flow0.10,485.0046112596757,-1.6,11.77348054101222
92,flow0.11,437.0618272499179,-1.6,13.814091324433685
92,flow0.12,375.1622263296273,-1.6,13.482685434026644
92,flow0.13,307.69166250685225,-1.6,13.675779617251829
92,flow0.14,236.97556684623154,-1.6,13.362083273300268
92,flow0.15,175.5615047019355,-1.6,12.840713850237876
92,flow0.16,121.10017579028334,-1.6,11.973890576397292
92,flow0.17,71.42188697758219,-1.6,9.785476925876418
92,flow0.18,32.64156674712431,-1.6,5.981227560318075
92,flow0.19,9.892464298243103,-1.6,2.281347145105347
93,flow0.10,497.53985678130766,-1.6,12.535245521631992
93,flow0.11,450.491298906109,-1.6,13.429471656191163
93,flow0.12,389.02904870633483,-1.6,13.86682237670757
93,flow0.13,321.36793345334,-1.6,13.676270946487785
93,flow0.14,250.36595423656505,-1.6,13.390387390333526
93,flow0.15,188.3532493316869,-1.6,12.791744629751406
93,flow0.16,133.046507030755,-1.6,11.946331240471675
93,flow0.17,81.73938381409404,-1.6,10.317496836511845
93,flow0.18,39.53741529225372,-1.6,6.895848545129411
93,flow0.19,13.134668234584888,-1.6,3.242203936341785
94,flow0.11,463.9076011191818,-1.6,13.416302213072777
94,flow0.12,402.6917954976901,-1.6,13.662746791355312
94,flow0.13,335.0922332073328,-1.6,13.724299753992819
94,flow0.14,264.10968522369694,-1.6,13.743730987131894
94,flow0.15,201.11611239681835,-1.6,12.762863065131455
94,flow0.16,145.0518643297571,-1.6,12.00535729900211
94,flow0.17,92.84163235352084,-1.6,11.10224853942679
94,flow0.18,47.347182405670175,-1.6,7.809767113416456
94,flow0.19,17.07589417670448,-1.6,3.9412259421195905
95,flow0.11,477.80285379048405,-1.6,13.895252671302297
95,flow0.12,416.13038025971014,-1.6,13.438584762020037
95,flow0.13,348.6037247304338,-1.6,13.511491523100995
95,flow0.14,277.7496724602268,-1.6,13.639987236529887
95,flow0.15,213.8253512282532,-1.6,12.709238831434845
95,flow0.16,156.92718788600635,-1.6,11.875323556249253
95,flow0.17,104.70120607200762,-1.6,11.85957371848678
95,flow0.18,55.94335964405909,-1.6,8.596177238388918
95,flow0.19,21.99141677526129,-1.6,4.915522598556809
96,flow0.11,491.58015713875614,-1.6,13.777303348272108
96,flow0.12,429.9730652461059,-1.6,13.842684986395762
96,flow0.13,362.36397267188863,-1.6,13.760247941454873
96,flow0.14,291.0546716749992,-1.6,13.304999214772433
96,flow0.15,226.26405341413962,-1.6,12.438702185886427
96,flow0.16,168.8122505357381,-1.6,11.885062649731747
96,flow0.17,117.46870511233136,-1.6,12.767499040323736
96,flow0.18,65.13961493680253,-1.6,9.196255292743444
96,flow0.19,27.494801846799312,-1.6,5.503385071538023
97,flow0.12,443.67926311616293,-1.6,13.706197870057077
97,flow0.13,376.00738931733633,-1.6,13.643416645447724
97,flow0.14,304.57001867526964,-1.6,13.515347000270449
97,flow0.15,238.96854479289445,-1.6,12.704491378754824
97,flow0.16,180.87105137602484,-1.6,12.05880084028676
97,flow0.17,130.09120928357527,-1.6,12.622504171243907
97,flow0.18,75.30466881187166,-1.6,10.165053875069134
97,flow0.19,33.586363348191114,-1.6,6.091561501391798
98,flow0.12,457.5081082617861,-1.6,13.8288451456232
98,flow0.13,389.6938579469452,-1.6,13.686468629608862
98,flow0.14,317.9736122235529,-1.6,13.403593548283279
98,flow0.15,251.5000675096546,-1.6,12.53152271676015
98,flow0.16,192.62016398486946,-1.6,11.749112608844637
98,flow0.17,143.1296430902238,-1.6,13.038433806648516
98,flow0.18,86.1236931570107,-1.6,10.819024345139042
98,flow0.19,40.41825818528987,-1.6,6.831894837098762
99,flow0.12,471.1907285399732,-1.6,13.682620278187096
99,flow0.13,403.1959459389558,-1.6,13.502087992010638
99,flow0.14,331.6009003035488,-1.6,13.62728807999596
99,flow0.15,263.93520453440135,-1.6,12.435137024746723
99,flow0.16,204.4337222644082,-1.6,11.81355827953875
99,flow0.17,156.06797762466124,-1.6,12.938334534437434
99,flow0.18,97.55369542576372,-1.6,11.430002268753015
99,flow0.19,47.948133235716895,-1.6,7.529875050427027
100,flow0.12,484.7013032895044,-1.6,13.510574749531225
100,flow0.13,417.0094424609558,-1.6,13.81349652200006
100,flow0.14,345.28845304498725,-1.6,13.687552741438449
100,flow0.15,276.7352709101724,-1.6,12.800066375771053
100,flow0.16,216.35214992302684,-1.6,11.91842765861865
100,flow0.17,168.97687201106362,-1.6,12.90889438640237
100,flow0.18,109.75327767771668,-1.6,12.199582251952961
100,flow0.19,56.07012728024394,-1.6,8.121994044527046
101,flow0.12,498.57353370937017,-1.6,13.87223041986581
101,flow0.13,430.768838083348,-1.6,13.759395622392185
101,flow0.14,359.02571414688254,-1.6,13.73726110189531
101,flow0.15,289.5654779623627,-1.6,12.830207052190303
101,flow0.16,228.17751808969726,-1.6,11.825368166670426
101,flow0.17,181.8056776868208,-1.6,12.828805675757156
101,flow0.18,122.3931875004343,-1.6,12.639909822717607
101,flow0.19,64.80036681675249,-1.6,8.730239536508552
102,flow0.13,444.28010078875786,-1.6,13.5112627054099
102,flow0.14,372.8014548311844,-1.6,13.77574068430189
102,flow0.15,302.35587263806315,-1.6,12.79039467570044
102,flow0.16,240.16540745091788,-1.6,11.987889361220635
102,flow0.17,194.72697386474545,-1.6,12.92129617792465
102,flow0.18,135.4035842128849,-1.6,13.010396712450609
102,flow0.19,74.29548649497004,-1.6,9.495119678217552
103,flow0.13,457.83929192337644,-1.6,13.559191134618596
103,flow0.14,386.15074963586204,-1.6,13.349294804677665
103,flow0.15,315.01304715233584,-1.6,12.657174514272697
103,flow0.16,252.29100855782534,-1.6,12.125601106907464
103,flow0.17,207.57217586383797,-1.6,12.845201999092513
103,flow0.18,148.2208682489544,-1.6,12.817284036069475
103,flow0.19,84.49339644665746,-1.6,10.197909951687425
104,flow0.13,471.3659430516648,-1.6,13.526651128288359
104,flow0.14,399.8630949902964,-1.6,13.712345354434401
104,flow0.15,327.47984974439123,-1.6,12.466802592055387
104,flow0.16,264.3858117786527,-1.6,12.094803220827355
104,flow0.17,220.61610452117418,-1.6,13.043928657336199
104,flow0.18,160.74802345187524,-1.6,12.527155202920847
104,flow0.19,95.54184031076888,-1.6,11.048443864111423
105,flow0.13,484.96768298919744,-1.6,13.601739937532694
105,flow0.14,413.25154943308274,-1.6,13.388454442786351
105,flow0.15,340.3579387774738,-1.6,12.878089033082574
105,flow0.16,276.504481949083,-1.6,12.118670170430317
105,flow0.17,233.64957237522515,-1.6,13.033467854050958
105,flow0.18,173.50546187625883,-1.6,12.757438424383588
105,flow0.19,107.26767590536205,-1.6,11.725835594593182
106,flow0.13,498.5135706114579,-1.6,13.545887622260489
106,flow0.14,426.59838910160374,-1.6,13.346839668521024
106,flow0.15,353.00921876583857,-1.6,12.651279988364763
106,flow0.16,288.2597423761019,-1.6,11.75526042701885
106,flow0.17,246.73314880931127,-1.6,13.083576434086115
106,flow0.18,186.16483587931558,-1.6,12.659374003056735
106,flow0.19,119.60548729426405,-1.6,12.337811388902
107,flow0.14,440.09755507214555,-1.6,13.499165970541835
107,flow0.15,365.55903481711914,-1.6,12.549816051280573
107,flow0.16,300.157630563423,-1.6,11.897888187321126
107,flow0.17,259.8160569037333,-1.6,13.082908094421999
107,flow0.18,199.08136467631653,-1.6,12.916528797000945
107,flow0.19,132.59507958173242,-1.6,12.989592287468358
108,flow0.14,453.54867333620257,-1.6,13.45111826405704
108,flow0.15,378.23091212064446,-1.6,12.67187730352532
108,flow0.16,311.9408377067328,-1.6,11.783207143309749
108,flow0.17,272.5610788242951,-1.6,12.745021920561829
108,flow0.18,211.88134156616647,-1.6,12.799976889849939
108,flow0.19,146.17717296349772,-1.6,13.582093381765299
109,flow0.14,467.00576103511975,-1.6,13.457087698917203
109,flow0.15,390.7428024861691,-1.6,12.511890365524664
109,flow0.16,323.9398862344143,-1.6,11.999048527681492
109,flow0.17,285.5555696415114,-1.6,12.994490817216263
109,flow0.18,224.60518328886286,-1.6,12.723841722696386
109,flow0.19,159.97565854698377,-1.6,13.798485583486036
110,flow0.14,480.49060988605106,-1.6,13.48484885093134
110,flow0.15,403.47060225812015,-1.6,12.727799771951027
110,flow0.16,335.93763044250176,-1.6,11.997744208087436
110,flow0.17,298.43003504666456,-1.6,12.874465405153149
110,flow0.18,237.4728287468229,-1.6,12.867645457960032
110,flow0.19,173.57476004801183,-1.6,13.599101501028054
111,flow0.14,493.7813722299032,-1.6,13.290762343852148
111,flow0.15,416.1553191126128,-1.6,12.684716854492649
111,flow0.16,348.0054261104176,-1.6,12.067795667915828
111,flow0.17,311.32668563890604,-1.6,12.896650592241475
111,flow0.18,250.0835391611732,-1.6,12.610710414350331
111,flow0.19,187.19320257523987,-1.6,13.618442527228035
112,flow0.15,428.8990962492958,-1.6,12.74377713668298
112,flow0.16,359.8593006674892,-1.6,11.853874557071588
112,flow0.17,323.9365639512638,-1.6,12.60987831235774
112,flow0.18,263.03198448106076,-1.6,12.948445319887549
112,flow0.19,200.87220308919396,-1.6,13.679000513954088
113,flow0.15,441.41815911809624,-1.6,12.51906286880046
113,flow0.16,371.7862482538461,-1.6,11.926947586356885
113,flow0.17,336.94469327442505,-1.6,13.008129323161246
113,flow0.18,275.721513922698,-1.6,12.689529441637285
113,flow0.19,214.75405903741677,-1.6,13.881855948222801
114,flow0.15,453.81270014269126,-1.6,12.394541024595014
114,flow0.16,383.8368607611198,-1.6,12.050612507273666
114,flow0.17,349.5720282669698,-1.6,12.627334992544764
114,flow0.18,288.70250969660884,-1.6,12.980995773910843
114,flow0.19,228.46491970595864,-1.6,13.710860668541864
115,flow0.15,466.317890347652,-1.6,12.50519020496074
115,flow0.16,395.74184278126904,-1.6,11.90498202014923
115,flow0.17,362.3674272944078,-1.6,12.795399027437941
115,flow0.18,301.6502832428131,-1.6,12.94777354620427
115,flow0.19,242.12101863156033,-1.6,13.656098925601691
116,flow0.15,478.8344332540746,-1.6,12.516542906422615
116,flow0.16,407.739906779568,-1.6,11.998063998298942
116,flow0.17,375.16066752054155,-1.6,12.793240226133765
116,flow0.18,314.602629007767,-1.6,12.952345764953941
116,flow0.19,255.81250051203148,-1.6,13.69148188047111
117,flow0.15,491.31425326445867,-1.6,12.47982001038406
117,flow0.16,419.579674922708,-1.6,11.839768143140002
117,flow0.17,387.97800191512135,-1.6,12.817334394579792
117,flow0.18,327.2876836787773,-1.6,12.6850546710103
117,flow0.19,269.36662088766656,-1.6,13.554120375635103
118,flow0.16,431.6005119366691,-1.6,12.020837013961039
118,flow0.17,400.8144533266285,-1.6,12.83645141150713
118,flow0.18,340.2399510406895,-1.6,12.952267361912243
118,flow0.19,282.8294086153522,-1.6,13.462787727685646
119,flow0.16,443.7502495997726,-1.6,12.14973766310349
119,flow0.17,413.70874502069876,-1.6,12.894291694070251
119,flow0.18,353.15031267827464,-1.6,12.910361637585163
119,flow0.19,296.51473395348484,-1.6,13.68532533813268
120,flow0.16,455.8968872895626,-1.6,12.14663768978998
120,flow0.17,426.76999457406816,-1.6,13.061249553369397
120,flow0.18,365.8803921496321,-1.6,12.730079471357465
120,flow0.19,310.1517952515879,-1.6,13.637061298103072
121,flow0.16,467.8248228721503,-1.6,11.927935582587718
121,flow0.17,439.36416903076145,-1.6,12.59417445669327
121,flow0.18,378.7150361312754,-1.6,12.83464398164332
121,flow0.19,323.8824506344176,-1.6,13.730655382829719
122,flow0.16,479.82685605433943,-1.6,12.002033182189091
122,flow0.17,452.0461058018153,-1.6,12.68193677105386
122,flow0.18,391.5106414594332,-1.6,12.795605328157842
122,flow0.19,337.64074545110526,-1.6,13.758294816687703
123,flow0.16,491.8917350192546,-1.6,12.064878964915163
123,flow0.17,464.80185698731077,-1.6,12.755751185495445
123,flow0.18,404.49730798793223,-1.6,12.986666528499052
123,flow0.19,351.0950731858513,-1.6,13.45432773474604
124,flow0.17,477.40382286409965,-1.6,12.60196587678887
124,flow0.18,417.5059904435579,-1.6,13.008682455625683
124,flow0.19,364.88298856393845,-1.6,13.7879153780872
125,flow0.17,490.4527433851737,-1.6,13.048920521074013
125,flow0.18,430.4780773129619,-1.6,12.972086869404018
125,flow0.19,378.3877706574876,-1.6,13.504782093549148
126,flow0.18,443.4202610465214,-1.6,12.942183733559512
126,flow0.19,392.1274217201065,-1.6,13.739651062618941
127,flow0.18,456.1512357967564,-1.6,12.730974750235044
127,flow0.19,406.0187071047391,-1.6,13.891285384632647
128,flow0.18,468.8086788471589,-1.6,12.657443050402515
128,flow0.19,419.4978968292608,-1.6,13.479189724521712
129,flow0.18,481.36192575247856,-1.6,12.553246905319691
129,flow0.19,433.2006856029288,-1.6,13.702788773667999
130,flow0.18,493.94241132830194,-1.6,12.580485575823412
130,flow0.19,446.8310752813139,-1.6,13.630389678385109
131,flow0.19,460.53946709613246,-1.6,13.708391814818606
132,flow0.19,473.9898739222104,-1.6,13.45040682607796
133,flow0.19,487.48990602429416,-1.6,13.500032102083788
